run,generation,best_fitness,mean_fitness,std_fitness,best_so_far
6,0,0.7852468194898921,1.0308573146666076,0.10948041382247728,0.7852468194898921
6,1,0.7656719331943846,0.96355096803117,0.0898935605358751,0.7656719331943846
6,2,0.7656719331943846,0.9548123014513531,0.08676163842716203,0.7656719331943846
6,3,0.7656719331943846,0.9207499556822647,0.08105294916906702,0.7656719331943846
6,4,0.7656719331943846,0.9377112361313629,0.10555848471117396,0.7656719331943846
6,5,0.6062882625495851,0.9154665420996714,0.12623485345809035,0.6062882625495851
6,6,0.6062882625495851,0.8902883469805055,0.10326079849409579,0.6062882625495851
6,7,0.6062882625495851,0.884321721271959,0.11022887833578775,0.6062882625495851
6,8,0.6062882625495851,0.8714344512256446,0.09931447934403718,0.6062882625495851
6,9,0.6062882625495851,0.8536865463240199,0.09382450442022436,0.6062882625495851
6,10,0.5747136544677143,0.8363948247246501,0.12158612600119506,0.5747136544677143
6,11,0.5747136544677143,0.8492520100908225,0.12778024386522477,0.5747136544677143
6,12,0.5747136544677143,0.8300445700858251,0.12898750264252776,0.5747136544677143
6,13,0.5650049121228311,0.8196669597279487,0.14524338998122777,0.5650049121228311
6,14,0.5650049121228311,0.8107261761109043,0.1411744556764765,0.5650049121228311
6,15,0.5650049121228311,0.8196209674645499,0.13817747786585646,0.5650049121228311
6,16,0.429513288942416,0.7881174097741449,0.15132505135957117,0.429513288942416
6,17,0.429513288942416,0.768679366004246,0.16310863344394688,0.429513288942416
6,18,0.429513288942416,0.7965302497853214,0.16862121308418668,0.429513288942416
6,19,0.429513288942416,0.8102087862397072,0.2369680344891256,0.429513288942416
6,20,0.429513288942416,0.761804617645251,0.21014042135030153,0.429513288942416
6,21,0.429513288942416,0.7507136926631304,0.18080469047418815,0.429513288942416
6,22,0.429513288942416,0.7706014586083695,0.1874421323385907,0.429513288942416
6,23,0.429513288942416,0.77346671736477,0.18690647930984422,0.429513288942416
6,24,0.429513288942416,0.7302843924381596,0.16856446194338942,0.429513288942416
6,25,0.429513288942416,0.7156721204019044,0.16368900970927128,0.429513288942416
6,26,0.429513288942416,0.691210876919007,0.1325210292925316,0.429513288942416
6,27,0.429513288942416,0.7125861585836865,0.14639443473108224,0.429513288942416
6,28,0.418110519368343,0.6968275006249233,0.1547781834249651,0.418110519368343
6,29,0.320423436281692,0.7078281365789442,0.19694222146770765,0.320423436281692
6,30,0.320423436281692,0.6875913345007137,0.1936904845490959,0.320423436281692
6,31,0.320423436281692,0.6929737990832958,0.2200924561964153,0.320423436281692
6,32,0.2731958858751036,0.6414467966176518,0.2035428683066709,0.2731958858751036
6,33,0.2731958858751036,0.6552861796716604,0.2150177948451535,0.2731958858751036
6,34,0.2731958858751036,0.6556695664569351,0.21821677095424458,0.2731958858751036
6,35,0.2731958858751036,0.638420461666237,0.21976643040573127,0.2731958858751036
6,36,0.21931029434422933,0.5573107244589462,0.19211933783418128,0.21931029434422933
6,37,0.21931029434422933,0.5470489393089729,0.20269560808439663,0.21931029434422933
6,38,0.21931029434422933,0.4787471032069794,0.17887850229490332,0.21931029434422933
6,39,0.21931029434422933,0.44044545644032956,0.1563082653558336,0.21931029434422933
6,40,0.08606124597675047,0.4013830982708259,0.12335208262085655,0.08606124597675047
6,41,0.03098370456137034,0.3880253716768187,0.1604812713697854,0.03098370456137034
6,42,-0.04228471660000643,0.3263078903950242,0.140231336939617,-0.04228471660000643
6,43,-0.04228471660000643,0.2765757529867041,0.1379646085975264,-0.04228471660000643
6,44,-0.04228471660000643,0.2568299699762246,0.13795040637337475,-0.04228471660000643
6,45,-0.04228471660000643,0.24720325015135508,0.1499821035524404,-0.04228471660000643
6,46,-0.061478215098678124,0.21500015825933877,0.18604256778278325,-0.061478215098678124
6,47,-0.08794526661012414,0.19904061285762426,0.1908251210495648,-0.08794526661012414
6,48,-0.08794526661012414,0.17035135795681638,0.1687163044870792,-0.08794526661012414
6,49,-0.08794526661012414,0.1347922694497128,0.14596549056016378,-0.08794526661012414
6,50,-0.08794526661012414,0.14101018408005336,0.21256440464461343,-0.08794526661012414
6,51,-0.10897159511765242,0.11993950079101048,0.19258371559443818,-0.10897159511765242
6,52,-0.10897159511765242,0.09536433544715894,0.16944252057003836,-0.10897159511765242
6,53,-0.10897159511765242,0.10566362171741686,0.1790130631909303,-0.10897159511765242
6,54,-0.10897159511765242,0.1032702294455761,0.20877002330969743,-0.10897159511765242
6,55,-0.10897159511765242,0.09083480339050505,0.2038829321366722,-0.10897159511765242
6,56,-0.10897159511765242,0.024654400053375485,0.07657866385526498,-0.10897159511765242
6,57,-0.10897159511765242,0.04796131486333565,0.15440612711863033,-0.10897159511765242
6,58,-0.13958755716244697,0.07450630614607055,0.21882785779830352,-0.13958755716244697
6,59,-0.13958755716244697,0.043600828568850516,0.15451924293898553,-0.13958755716244697
6,60,-0.17007046508284684,0.035849958759196596,0.17285077640658533,-0.17007046508284684
6,61,-0.17007046508284684,0.03531068550549042,0.17766347258324788,-0.17007046508284684
6,62,-0.17007046508284684,0.012906854672791372,0.1306113956106955,-0.17007046508284684
6,63,-0.17007046508284684,0.040271599637626346,0.1638395789558607,-0.17007046508284684
6,64,-0.17186856320802635,-0.00019301556556869937,0.19641327070364412,-0.17186856320802635
6,65,-0.22292491874601672,-0.048243865583431335,0.10428130611093488,-0.22292491874601672
6,66,-0.22292491874601672,-0.032678940309394354,0.11507960865937798,-0.22292491874601672
6,67,-0.23242562212413986,-0.0531238630092645,0.09871753216341005,-0.23242562212413986
6,68,-0.23242562212413986,-0.0355446396458597,0.1706766216854552,-0.23242562212413986
6,69,-0.23242562212413986,-0.07282761866483464,0.10640456815485315,-0.23242562212413986
6,70,-0.31022542464451375,-0.025095694994901222,0.24898398351462195,-0.31022542464451375
6,71,-0.31022542464451375,-0.054597761059456434,0.1782367844727865,-0.31022542464451375
6,72,-0.31022542464451375,-0.07613794372068851,0.1587799684260495,-0.31022542464451375
6,73,-0.31022542464451375,-0.10075258778224046,0.14628637947955903,-0.31022542464451375
6,74,-0.31022542464451375,-0.03194316610307439,0.2076332187050042,-0.31022542464451375
6,75,-0.31022542464451375,-0.05681333144170491,0.18340458298171505,-0.31022542464451375
6,76,-0.31022542464451375,-0.07017430687366384,0.1749505216821026,-0.31022542464451375
6,77,-0.31022542464451375,-0.0515268235935178,0.17157160037803382,-0.31022542464451375
6,78,-0.31022542464451375,-0.07778905429083939,0.15920458514472352,-0.31022542464451375
6,79,-0.31022542464451375,-0.09322503292015762,0.14503895105735515,-0.31022542464451375
6,80,-0.31022542464451375,-0.10018953182732579,0.13834557127681654,-0.31022542464451375
6,81,-0.31022542464451375,-0.09879062056977155,0.12035495703712171,-0.31022542464451375
6,82,-0.31022542464451375,-0.09716479061242286,0.12004017933551872,-0.31022542464451375
6,83,-0.31022542464451375,-0.11996067728100647,0.1109255148422195,-0.31022542464451375
6,84,-0.31022542464451375,-0.11633632921593066,0.13161075826547106,-0.31022542464451375
6,85,-0.31022542464451375,-0.11217060846549921,0.18368635588903248,-0.31022542464451375
6,86,-0.31022542464451375,-0.12476499205322594,0.1921299871079141,-0.31022542464451375
6,87,-0.31022542464451375,-0.09446515955135565,0.20905997336168297,-0.31022542464451375
6,88,-0.31022542464451375,-0.10308251916321295,0.1968533296465461,-0.31022542464451375
6,89,-0.31022542464451375,-0.11347717761786953,0.17142384917734257,-0.31022542464451375
6,90,-0.31022542464451375,-0.1414989164748302,0.10170520840195152,-0.31022542464451375
6,91,-0.31022542464451375,-0.09000933177307212,0.1928208105708787,-0.31022542464451375
6,92,-0.31022542464451375,-0.09056391936732862,0.19279013298982706,-0.31022542464451375
6,93,-0.31022542464451375,-0.06927863278208447,0.2263780311392048,-0.31022542464451375
6,94,-0.31022542464451375,-0.11317463377714325,0.19907326694292096,-0.31022542464451375
6,95,-0.31022542464451375,-0.10717968910316356,0.2257059414212952,-0.31022542464451375
6,96,-0.31022542464451375,-0.11088748749417972,0.22560705190729807,-0.31022542464451375
6,97,-0.31022542464451375,-0.06935246406515588,0.2613750007214402,-0.31022542464451375
6,98,-0.31022542464451375,-0.13320875976266272,0.1402995280680982,-0.31022542464451375
6,99,-0.31022542464451375,-0.12174714873126356,0.1779050946106051,-0.31022542464451375
6,100,-0.31022542464451375,-0.1474715741829322,0.12173810770096308,-0.31022542464451375
6,101,-0.31022542464451375,-0.16534556943345624,0.11541013075201738,-0.31022542464451375
6,102,-0.31022542464451375,-0.18659436839398405,0.12898932570415414,-0.31022542464451375
6,103,-0.31022542464451375,-0.1863954915988863,0.09081679309931077,-0.31022542464451375
6,104,-0.31022542464451375,-0.2068187317822169,0.0723315376027614,-0.31022542464451375
6,105,-0.31022542464451375,-0.12381081112302615,0.22636956868006566,-0.31022542464451375
6,106,-0.31022542464451375,-0.18380294245524467,0.10858521820550042,-0.31022542464451375
6,107,-0.31022542464451375,-0.14941367049836413,0.17351844253859447,-0.31022542464451375
6,108,-0.31022542464451375,-0.167359369302787,0.1368050221875219,-0.31022542464451375
6,109,-0.31022542464451375,-0.19943804228811243,0.07621487790622737,-0.31022542464451375
6,110,-0.31022542464451375,-0.1735797463513956,0.10453011767282992,-0.31022542464451375
6,111,-0.31022542464451375,-0.15460450247805932,0.14048512393592086,-0.31022542464451375
6,112,-0.31022542464451375,-0.17371473991368178,0.12182265826357784,-0.31022542464451375
6,113,-0.31022542464451375,-0.15919474937253522,0.14418974950244418,-0.31022542464451375
6,114,-0.31022542464451375,-0.16900572485976978,0.13534071062677833,-0.31022542464451375
6,115,-0.31022542464451375,-0.17120243867301843,0.13678673858351137,-0.31022542464451375
6,116,-0.31022542464451375,-0.19757597926727566,0.09608150404251299,-0.31022542464451375
6,117,-0.31022542464451375,-0.13927771655760754,0.2265767333634147,-0.31022542464451375
6,118,-0.31022542464451375,-0.12341804624810583,0.23981353698389365,-0.31022542464451375
6,119,-0.31441938296215355,-0.15085376750220011,0.1751274341108641,-0.31441938296215355
6,120,-0.31441938296215355,-0.18251239407259584,0.13704786510168612,-0.31441938296215355
6,121,-0.31441938296215355,-0.18779368880803168,0.13128341175016103,-0.31441938296215355
6,122,-0.3650710024733361,-0.19710203803265133,0.12311614345267663,-0.3650710024733361
6,123,-0.3650710024733361,-0.21187124653856218,0.08998811346315323,-0.3650710024733361
6,124,-0.3650710024733361,-0.21944175380612838,0.10602428878137135,-0.3650710024733361
6,125,-0.3650710024733361,-0.21640770075187066,0.11645323205319788,-0.3650710024733361
6,126,-0.3650710024733361,-0.22341217444140032,0.08743635823064747,-0.3650710024733361
6,127,-0.3650710024733361,-0.1616906006868829,0.1624284678105504,-0.3650710024733361
6,128,-0.36770208618906963,-0.12401453054494484,0.2578469430953327,-0.36770208618906963
6,129,-0.36770208618906963,-0.13260157460499006,0.24345530519757813,-0.36770208618906963
6,130,-0.36770208618906963,-0.16521695590896798,0.1683554753754919,-0.36770208618906963
6,131,-0.36770208618906963,-0.16070367704483132,0.18099581425747926,-0.36770208618906963
6,132,-0.36770208618906963,-0.07721836855572338,0.3267750936300362,-0.36770208618906963
6,133,-0.36770208618906963,-0.12900079380639942,0.2293331330316825,-0.36770208618906963
6,134,-0.36770208618906963,-0.16960743143610305,0.17633908700404968,-0.36770208618906963
6,135,-0.36770208618906963,-0.20145821359427352,0.1257152387075102,-0.36770208618906963
6,136,-0.36770208618906963,-0.1867707994818572,0.1502641873365484,-0.36770208618906963
6,137,-0.36770208618906963,-0.18807514478668466,0.16337214513612933,-0.36770208618906963
6,138,-0.36770208618906963,-0.1788594510224391,0.1860262840283497,-0.36770208618906963
6,139,-0.36770208618906963,-0.1730943492495904,0.20907459212296484,-0.36770208618906963
6,140,-0.36770208618906963,-0.21484253704536443,0.13170078874658703,-0.36770208618906963
6,141,-0.36770208618906963,-0.17510035252784634,0.219790166555206,-0.36770208618906963
6,142,-0.36770208618906963,-0.1739768206262378,0.21723900505106136,-0.36770208618906963
6,143,-0.3851066926859472,-0.22129383176775932,0.14200657850641898,-0.3851066926859472
6,144,-0.3851066926859472,-0.2323617493339021,0.10058356178065808,-0.3851066926859472
6,145,-0.3851066926859472,-0.2320098804006398,0.11453209414316548,-0.3851066926859472
6,146,-0.3851066926859472,-0.19119925465234952,0.16839923239155194,-0.3851066926859472
6,147,-0.3851066926859472,-0.1861355780663054,0.2100002312999464,-0.3851066926859472
6,148,-0.3851066926859472,-0.18015440731728755,0.3077144790198663,-0.3851066926859472
6,149,-0.3851066926859472,-0.17732801169402088,0.3093698070818814,-0.3851066926859472
6,150,-0.3851066926859472,-0.22925602024590525,0.17952780366892818,-0.3851066926859472
6,151,-0.3851066926859472,-0.2338667582771291,0.18816793554105835,-0.3851066926859472
6,152,-0.3851066926859472,-0.2161169562270834,0.22259284716421426,-0.3851066926859472
6,153,-0.3851066926859472,-0.22033275385200438,0.2005252876698906,-0.3851066926859472
6,154,-0.3851066926859472,-0.2395173891696167,0.1622734210716873,-0.3851066926859472
6,155,-0.3851066926859472,-0.24865799898605842,0.12011050928315901,-0.3851066926859472
6,156,-0.3851066926859472,-0.2417821983984482,0.1511965313005235,-0.3851066926859472
6,157,-0.3851066926859472,-0.25875937661867815,0.11417530501094378,-0.3851066926859472
6,158,-0.3851066926859472,-0.26188750788762344,0.11234526203920828,-0.3851066926859472
6,159,-0.3851066926859472,-0.25837071245660836,0.10223571085718036,-0.3851066926859472
6,160,-0.3851066926859472,-0.2299444960681856,0.1707051541961297,-0.3851066926859472
6,161,-0.3851066926859472,-0.25035819219013206,0.15170747129595985,-0.3851066926859472
6,162,-0.3851066926859472,-0.27201481590146154,0.13928799092996305,-0.3851066926859472
6,163,-0.3851066926859472,-0.22273474913321062,0.19432153811494207,-0.3851066926859472
6,164,-0.3851066926859472,-0.22986859548055125,0.22593851635769743,-0.3851066926859472
6,165,-0.3851066926859472,-0.2444256159221019,0.17862559318644014,-0.3851066926859472
6,166,-0.3851066926859472,-0.27536983752214944,0.10111677870068564,-0.3851066926859472
6,167,-0.3851066926859472,-0.26687116047479864,0.1093235065957754,-0.3851066926859472
6,168,-0.3851066926859472,-0.25900518459344857,0.141154172819188,-0.3851066926859472
6,169,-0.3851066926859472,-0.22585223813849015,0.19860650627458123,-0.3851066926859472
6,170,-0.3851066926859472,-0.25859723886794306,0.10285337062121074,-0.3851066926859472
6,171,-0.3851066926859472,-0.2606985695266394,0.11699768277111862,-0.3851066926859472
6,172,-0.3851066926859472,-0.25853318970339895,0.12154876251464161,-0.3851066926859472
6,173,-0.3851066926859472,-0.24040045283871614,0.1868172489871907,-0.3851066926859472
6,174,-0.3851066926859472,-0.2651998947588036,0.1257728167495204,-0.3851066926859472
6,175,-0.3851066926859472,-0.24556593103372684,0.1422510399366593,-0.3851066926859472
6,176,-0.3851066926859472,-0.2144268343379477,0.17038226253909244,-0.3851066926859472
6,177,-0.3851066926859472,-0.22468413514659016,0.1265160221947025,-0.3851066926859472
6,178,-0.4068380988792004,-0.2520816294605327,0.11418194366275167,-0.4068380988792004
6,179,-0.4089121717695374,-0.2536611505116602,0.13546334260318585,-0.4089121717695374
6,180,-0.4089121717695374,-0.27295911133548095,0.09564343806436713,-0.4089121717695374
6,181,-0.4089121717695374,-0.28414542383537705,0.08715582280219526,-0.4089121717695374
6,182,-0.4089121717695374,-0.2260705012881824,0.24055403156607352,-0.4089121717695374
6,183,-0.4089121717695374,-0.25979107515685745,0.14128082941990366,-0.4089121717695374
6,184,-0.4260757867927345,-0.27156227103008407,0.11356518865739385,-0.4260757867927345
6,185,-0.4260757867927345,-0.3016294934248831,0.08636860002307303,-0.4260757867927345
6,186,-0.4260757867927345,-0.2832826500899753,0.11171189417033929,-0.4260757867927345
6,187,-0.4260757867927345,-0.2958514691504333,0.1007755754863042,-0.4260757867927345
6,188,-0.4260757867927345,-0.25264953043218324,0.17613539385166896,-0.4260757867927345
6,189,-0.4260757867927345,-0.24881171987158446,0.1862627411537702,-0.4260757867927345
6,190,-0.4260757867927345,-0.27208278209152703,0.17473538945128395,-0.4260757867927345
6,191,-0.4260757867927345,-0.2711871157739539,0.17263158053004427,-0.4260757867927345
6,192,-0.4260757867927345,-0.2577473844174926,0.18948539603523387,-0.4260757867927345
6,193,-0.4260757867927345,-0.29822688571265255,0.12099976346015413,-0.4260757867927345
6,194,-0.4260757867927345,-0.27352190710224644,0.18428199019086564,-0.4260757867927345
6,195,-0.4260757867927345,-0.2818138361278103,0.1367429235803289,-0.4260757867927345
6,196,-0.4260757867927345,-0.26387314876947005,0.1535010302611893,-0.4260757867927345
6,197,-0.4260757867927345,-0.25350899192610366,0.20723467164918638,-0.4260757867927345
6,198,-0.4260757867927345,-0.2761056626771079,0.15623421909196972,-0.4260757867927345
6,199,-0.4260757867927345,-0.3090554876347781,0.10751248848274055,-0.4260757867927345
6,200,-0.4260757867927345,-0.25591901876537987,0.20620387345385058,-0.4260757867927345
6,201,-0.432754512881111,-0.26107454276544206,0.2037027398685254,-0.432754512881111
6,202,-0.432754512881111,-0.2612234218481614,0.2259484545803166,-0.432754512881111
6,203,-0.432754512881111,-0.21873678167161673,0.28904987701802803,-0.432754512881111
6,204,-0.432754512881111,-0.2093698931793038,0.2774354931983337,-0.432754512881111
6,205,-0.432754512881111,-0.2171524911167236,0.280491631232202,-0.432754512881111
6,206,-0.432754512881111,-0.24301102393669127,0.1781541355450125,-0.432754512881111
6,207,-0.432754512881111,-0.2660809961479279,0.1399949630153986,-0.432754512881111
6,208,-0.432754512881111,-0.23493040674308946,0.17619727202713958,-0.432754512881111
6,209,-0.432754512881111,-0.2619424062180314,0.12106520502694225,-0.432754512881111
6,210,-0.432754512881111,-0.2534723402317801,0.1672153849292407,-0.432754512881111
6,211,-0.432754512881111,-0.2669065195023997,0.15302413559241776,-0.432754512881111
6,212,-0.432754512881111,-0.23161267742612204,0.1869639279797894,-0.432754512881111
6,213,-0.432754512881111,-0.22863476275975583,0.20176431443889314,-0.432754512881111
6,214,-0.432754512881111,-0.22879699383638627,0.18169630363241582,-0.432754512881111
6,215,-0.432754512881111,-0.23525280219396075,0.19355845782419925,-0.432754512881111
6,216,-0.432754512881111,-0.24719276312691843,0.22786881104414286,-0.432754512881111
6,217,-0.432754512881111,-0.2757825809276395,0.1491344783019471,-0.432754512881111
6,218,-0.432754512881111,-0.2950539382570321,0.13674683162216592,-0.432754512881111
6,219,-0.432754512881111,-0.24476761261279562,0.2292729425684052,-0.432754512881111
6,220,-0.432754512881111,-0.25827911242995694,0.15383015936874428,-0.432754512881111
6,221,-0.432754512881111,-0.2530457085742056,0.17853140140465346,-0.432754512881111
6,222,-0.43936338652202034,-0.26726665930861476,0.15357451297350663,-0.43936338652202034
6,223,-0.43936338652202034,-0.2396612317237489,0.20086812560555922,-0.43936338652202034
6,224,-0.43936338652202034,-0.21542074625293936,0.23157920449354366,-0.43936338652202034
6,225,-0.43936338652202034,-0.23995767207610588,0.21093116892985825,-0.43936338652202034
6,226,-0.43936338652202034,-0.2491424226939725,0.2052573180966411,-0.43936338652202034
6,227,-0.43936338652202034,-0.2515984313914151,0.2080028514178876,-0.43936338652202034
6,228,-0.43936338652202034,-0.24033259947543845,0.19518140931963812,-0.43936338652202034
6,229,-0.43936338652202034,-0.28090256169134636,0.11961169107434066,-0.43936338652202034
6,230,-0.43936338652202034,-0.2335505699895664,0.19351341572430794,-0.43936338652202034
6,231,-0.43936338652202034,-0.24269029092130326,0.19211756206760536,-0.43936338652202034
6,232,-0.43936338652202034,-0.27360423491131264,0.13561477906124297,-0.43936338652202034
6,233,-0.43936338652202034,-0.26225899041530004,0.15227661952433208,-0.43936338652202034
6,234,-0.43936338652202034,-0.25596290121431414,0.14112422902925362,-0.43936338652202034
6,235,-0.43936338652202034,-0.22218783937658593,0.18925341218127772,-0.43936338652202034
6,236,-0.43936338652202034,-0.23720971743153865,0.17481015159864724,-0.43936338652202034
6,237,-0.43936338652202034,-0.18932833472341498,0.24578628142936845,-0.43936338652202034
6,238,-0.43936338652202034,-0.21152626675931646,0.20217793276939142,-0.43936338652202034
6,239,-0.43936338652202034,-0.202535188469495,0.23210813864653426,-0.43936338652202034
6,240,-0.43936338652202034,-0.19510039806278617,0.2556099219957752,-0.43936338652202034
6,241,-0.43936338652202034,-0.2312739272746776,0.21441278642920272,-0.43936338652202034
6,242,-0.43936338652202034,-0.25738160544242383,0.18543586728873673,-0.43936338652202034
6,243,-0.43936338652202034,-0.23547373721619788,0.25889870398175513,-0.43936338652202034
6,244,-0.4671969287651143,-0.20082608184886533,0.272504510034507,-0.4671969287651143
6,245,-0.4671969287651143,-0.23510844026618402,0.21612732812598257,-0.4671969287651143
6,246,-0.4671969287651143,-0.18264571452605552,0.269170110132411,-0.4671969287651143
6,247,-0.4671969287651143,-0.21317609101236057,0.1954182598423421,-0.4671969287651143
6,248,-0.4671969287651143,-0.2188248853264821,0.19628791534621282,-0.4671969287651143
6,249,-0.4671969287651143,-0.26493964287756305,0.12953819769591096,-0.4671969287651143
6,250,-0.4671969287651143,-0.23358580877314877,0.2300921682709818,-0.4671969287651143
6,251,-0.4671969287651143,-0.2706532049732922,0.14485083976080698,-0.4671969287651143
6,252,-0.4671969287651143,-0.24583007667292214,0.1756809263520443,-0.4671969287651143
6,253,-0.4671969287651143,-0.254655674627557,0.16152291253187379,-0.4671969287651143
6,254,-0.4671969287651143,-0.24999139829036596,0.16866294054933587,-0.4671969287651143
6,255,-0.4671969287651143,-0.25755560698896035,0.16834309153859675,-0.4671969287651143
6,256,-0.4671969287651143,-0.25618027899725665,0.1647775118293995,-0.4671969287651143
6,257,-0.4671969287651143,-0.2459774614063734,0.2185123870735593,-0.4671969287651143
6,258,-0.4671969287651143,-0.1801184972781118,0.29273331728318286,-0.4671969287651143
6,259,-0.4671969287651143,-0.21520634353575405,0.22289214291878623,-0.4671969287651143
6,260,-0.4671969287651143,-0.27472404406992773,0.14506467246617377,-0.4671969287651143
6,261,-0.4671969287651143,-0.28019828573918987,0.12463946772792212,-0.4671969287651143
6,262,-0.4671969287651143,-0.2511334083847155,0.18842887201500017,-0.4671969287651143
6,263,-0.4671969287651143,-0.22540819675192586,0.22553659861142028,-0.4671969287651143
6,264,-0.4671969287651143,-0.24906716274801494,0.19685984969281284,-0.4671969287651143
6,265,-0.4671969287651143,-0.2338805412988991,0.21041787340315857,-0.4671969287651143
6,266,-0.4671969287651143,-0.26161370125359806,0.13750881551949806,-0.4671969287651143
6,267,-0.4671969287651143,-0.24705472767508227,0.18787544955040733,-0.4671969287651143
6,268,-0.4671969287651143,-0.21116839237934762,0.23022510514333375,-0.4671969287651143
6,269,-0.4671969287651143,-0.2629550607979471,0.13706735540345577,-0.4671969287651143
6,270,-0.4671969287651143,-0.22990652858609353,0.19754945791077946,-0.4671969287651143
6,271,-0.4671969287651143,-0.23474716775551654,0.18647831109269658,-0.4671969287651143
6,272,-0.4671969287651143,-0.2232570971046168,0.20417939708157004,-0.4671969287651143
6,273,-0.4671969287651143,-0.2254156776081323,0.2143193318423899,-0.4671969287651143
6,274,-0.486527160555251,-0.2413223216276079,0.22872588268995414,-0.486527160555251
6,275,-0.486527160555251,-0.20764271185373084,0.2278177762021314,-0.486527160555251
6,276,-0.486527160555251,-0.21117743405808528,0.27293330918008146,-0.486527160555251
6,277,-0.486527160555251,-0.19287394411562317,0.28843981119441703,-0.486527160555251
6,278,-0.486527160555251,-0.21879162554818624,0.27605033854886624,-0.486527160555251
6,279,-0.486527160555251,-0.2137551924577351,0.2822240228879499,-0.486527160555251
6,280,-0.486527160555251,-0.23184450574101811,0.24552653895569537,-0.486527160555251
6,281,-0.486527160555251,-0.21935506184831055,0.2612379506722456,-0.486527160555251
6,282,-0.486527160555251,-0.23614938457446685,0.24374242579284539,-0.486527160555251
6,283,-0.486527160555251,-0.1992190269019854,0.27627362786449766,-0.486527160555251
6,284,-0.486527160555251,-0.20702584480968564,0.20493610097123707,-0.486527160555251
6,285,-0.4870472750238326,-0.1725941957039885,0.28492757273313324,-0.4870472750238326
6,286,-0.4870472750238326,-0.20856582428032844,0.24230066345351026,-0.4870472750238326
6,287,-0.4870472750238326,-0.21248912657749994,0.23931157245738982,-0.4870472750238326
6,288,-0.4887557623837189,-0.17991490562972454,0.27129623009495335,-0.4887557623837189
6,289,-0.4887557623837189,-0.16669295936287842,0.27685310966346416,-0.4887557623837189
6,290,-0.4887557623837189,-0.2152410305709715,0.25681542107426963,-0.4887557623837189
6,291,-0.4887557623837189,-0.27371600137673463,0.17218855200913757,-0.4887557623837189
6,292,-0.4887557623837189,-0.2870716737344783,0.15845247342876942,-0.4887557623837189
6,293,-0.4887557623837189,-0.2420792633890421,0.24704672140474826,-0.4887557623837189
6,294,-0.4887557623837189,-0.2653029393652574,0.22650793361708543,-0.4887557623837189
6,295,-0.4887557623837189,-0.28729267581626666,0.1918053805127353,-0.4887557623837189
6,296,-0.4887557623837189,-0.24815682891170282,0.29947671269255405,-0.4887557623837189
6,297,-0.4887557623837189,-0.21867965349899995,0.31495981062283174,-0.4887557623837189
6,298,-0.4887557623837189,-0.24671474404214486,0.2208601187494607,-0.4887557623837189
6,299,-0.4887557623837189,-0.2561255273170609,0.23073711525536036,-0.4887557623837189
6,300,-0.4887557623837189,-0.1258145400415854,0.38387968100575326,-0.4887557623837189
6,301,-0.4887557623837189,-0.20082244655486844,0.28411417304065695,-0.4887557623837189
6,302,-0.4887557623837189,-0.23332673203209275,0.22766396204618133,-0.4887557623837189
6,303,-0.4887557623837189,-0.2785967830465551,0.18224035646070025,-0.4887557623837189
6,304,-0.4887557623837189,-0.21102111482905272,0.27734759146186466,-0.4887557623837189
6,305,-0.4887557623837189,-0.18104872670382147,0.2956225286430644,-0.4887557623837189
6,306,-0.4887557623837189,-0.22719045163891347,0.26813048826156927,-0.4887557623837189
6,307,-0.4887557623837189,-0.24624618035792395,0.264584957802995,-0.4887557623837189
6,308,-0.50964230861578,-0.2797077819944845,0.25632238223048354,-0.50964230861578
6,309,-0.50964230861578,-0.29126152978356346,0.2684366518232335,-0.50964230861578
6,310,-0.5162638916250439,-0.27002213615422993,0.2725203624403972,-0.5162638916250439
6,311,-0.5162638916250439,-0.21935767034249898,0.32638190222972685,-0.5162638916250439
6,312,-0.5162638916250439,-0.2835694125541743,0.17625826115799345,-0.5162638916250439
6,313,-0.527519718672067,-0.2863723520372329,0.17389298558546004,-0.527519718672067
6,314,-0.527519718672067,-0.30138718404026293,0.18254997531017209,-0.527519718672067
6,315,-0.527519718672067,-0.2747311516085122,0.23595245786915464,-0.527519718672067
6,316,-0.527519718672067,-0.31028308235806595,0.17578853971030012,-0.527519718672067
6,317,-0.527519718672067,-0.24234532193106956,0.28385153034303934,-0.527519718672067
6,318,-0.527519718672067,-0.21167357296710546,0.33367260881245997,-0.527519718672067
6,319,-0.527519718672067,-0.25589029232904525,0.23046048345928594,-0.527519718672067
6,320,-0.527519718672067,-0.15811579905958897,0.3262583616260996,-0.527519718672067
6,321,-0.527519718672067,-0.21633411065008926,0.2610826983223912,-0.527519718672067
6,322,-0.527519718672067,-0.20927457221799214,0.34093233994442285,-0.527519718672067
6,323,-0.527519718672067,-0.23564261849054696,0.29528388963207014,-0.527519718672067
6,324,-0.6062602560353023,-0.2345220928260695,0.2771752924732631,-0.6062602560353023
6,325,-0.6062602560353023,-0.25889353265516724,0.2038634349941364,-0.6062602560353023
6,326,-0.6062602560353023,-0.27199002771802905,0.213009773109279,-0.6062602560353023
6,327,-0.6062602560353023,-0.2736477328249018,0.20536373357606136,-0.6062602560353023
6,328,-0.6062602560353023,-0.2817926903918387,0.19551369770596286,-0.6062602560353023
6,329,-0.6062602560353023,-0.28908259832450783,0.2184629852158951,-0.6062602560353023
6,330,-0.6062602560353023,-0.355181669214456,0.1340697602723761,-0.6062602560353023
6,331,-0.6062602560353023,-0.3379004032222246,0.182356201971494,-0.6062602560353023
6,332,-0.6062602560353023,-0.28609870590438313,0.2601135670619303,-0.6062602560353023
6,333,-0.6062602560353023,-0.30410517771918205,0.24238970739342947,-0.6062602560353023
6,334,-0.6062602560353023,-0.28890051266049227,0.2731497274483506,-0.6062602560353023
6,335,-0.6062602560353023,-0.3049291023179358,0.23099573534662982,-0.6062602560353023
6,336,-0.6062602560353023,-0.3616928555783433,0.20776971622595278,-0.6062602560353023
6,337,-0.6062602560353023,-0.36206511217221826,0.16743776701971066,-0.6062602560353023
6,338,-0.6062602560353023,-0.346178781826389,0.23741653860170647,-0.6062602560353023
6,339,-0.6062602560353023,-0.35622711799491824,0.1958072613017807,-0.6062602560353023
6,340,-0.6305635238904919,-0.333524195073097,0.27771161546748907,-0.6305635238904919
6,341,-0.6305635238904919,-0.3312416268704635,0.30265433371904593,-0.6305635238904919
6,342,-0.6305635238904919,-0.41046299767002165,0.1637262501030691,-0.6305635238904919
6,343,-0.6305635238904919,-0.39661557332902836,0.19865096984867764,-0.6305635238904919
6,344,-0.6305635238904919,-0.3629979824522625,0.24177304457744653,-0.6305635238904919
6,345,-0.6587534451472745,-0.35889003685262516,0.2631032794059596,-0.6587534451472745
6,346,-0.6587534451472745,-0.3799832073422827,0.21070772814718008,-0.6587534451472745
6,347,-0.6587534451472745,-0.3561387343115951,0.22240662310894077,-0.6587534451472745
6,348,-0.6587534451472745,-0.3944074319854363,0.17553037375321315,-0.6587534451472745
6,349,-0.6587534451472745,-0.39700039797451814,0.19008286265802926,-0.6587534451472745
6,350,-0.6587534451472745,-0.35991309251028564,0.275703613116446,-0.6587534451472745
6,351,-0.6587534451472745,-0.40495731509583693,0.18814349537032468,-0.6587534451472745
6,352,-0.6587534451472745,-0.3870464661486264,0.19338892068941052,-0.6587534451472745
6,353,-0.6587534451472745,-0.39436455524043634,0.21320189092690656,-0.6587534451472745
6,354,-0.6587534451472745,-0.3605464040728118,0.2403424483591231,-0.6587534451472745
6,355,-0.6587534451472745,-0.34023652359617207,0.3152109379184583,-0.6587534451472745
6,356,-0.6587534451472745,-0.31715766819518865,0.29964357430816524,-0.6587534451472745
6,357,-0.6587534451472745,-0.312311394373926,0.29211374005472174,-0.6587534451472745
6,358,-0.6587534451472745,-0.2857681791180814,0.35812042973594155,-0.6587534451472745
6,359,-0.6587534451472745,-0.31100531799834524,0.321545524926984,-0.6587534451472745
6,360,-0.6587534451472745,-0.33461662471945625,0.3291944882566987,-0.6587534451472745
6,361,-0.6587534451472745,-0.3753770661610103,0.2615027391834454,-0.6587534451472745
6,362,-0.6587534451472745,-0.4156085291435419,0.1720589762650528,-0.6587534451472745
6,363,-0.6587534451472745,-0.326226626913164,0.33205355409513204,-0.6587534451472745
6,364,-0.6587534451472745,-0.31254569034115703,0.29394086409360665,-0.6587534451472745
6,365,-0.6587534451472745,-0.23485610614839245,0.43815792584866836,-0.6587534451472745
6,366,-0.6587534451472745,-0.3127207987387972,0.2797981983608607,-0.6587534451472745
6,367,-0.6587534451472745,-0.3745862864109423,0.21484210167861661,-0.6587534451472745
6,368,-0.6587534451472745,-0.35129023630259204,0.23396092389552217,-0.6587534451472745
6,369,-0.6587534451472745,-0.31899774974036516,0.3270387031331369,-0.6587534451472745
6,370,-0.6587534451472745,-0.3954214382122955,0.17161337410365288,-0.6587534451472745
6,371,-0.6587534451472745,-0.33895709732444657,0.3016416128698424,-0.6587534451472745
6,372,-0.6587534451472745,-0.2698737354544772,0.39625922800658064,-0.6587534451472745
6,373,-0.6587534451472745,-0.30740231272442264,0.31430764946980544,-0.6587534451472745
6,374,-0.6587534451472745,-0.33047107752507787,0.29349031650888996,-0.6587534451472745
6,375,-0.6587534451472745,-0.3861438396357823,0.20999186251718477,-0.6587534451472745
6,376,-0.6587534451472745,-0.38318533367735585,0.24337920089235532,-0.6587534451472745
6,377,-0.6587534451472745,-0.32804623147260126,0.31582237513749756,-0.6587534451472745
6,378,-0.6587534451472745,-0.31614158420935773,0.2934923686417141,-0.6587534451472745
6,379,-0.6587534451472745,-0.23711900457480045,0.37881348567476897,-0.6587534451472745
6,380,-0.6587534451472745,-0.35099954383648796,0.2484087769519845,-0.6587534451472745
6,381,-0.6587534451472745,-0.3386006500425303,0.23778355883205698,-0.6587534451472745
6,382,-0.6587534451472745,-0.35274356884872904,0.18838173729319296,-0.6587534451472745
6,383,-0.6587534451472745,-0.3724637137335434,0.18435632856438647,-0.6587534451472745
6,384,-0.6587534451472745,-0.3576406348334023,0.21849209615178497,-0.6587534451472745
6,385,-0.6587534451472745,-0.31113413879869095,0.299134021161453,-0.6587534451472745
6,386,-0.6587534451472745,-0.3026718131986445,0.3143768307555964,-0.6587534451472745
6,387,-0.6587534451472745,-0.32337499518996665,0.2566117460628998,-0.6587534451472745
6,388,-0.6587534451472745,-0.2624817852557878,0.33796663314672654,-0.6587534451472745
6,389,-0.6587534451472745,-0.31689470918794815,0.2654338919624532,-0.6587534451472745
6,390,-0.6587534451472745,-0.3201255781101627,0.24185273364445667,-0.6587534451472745
6,391,-0.6587534451472745,-0.3301790601939244,0.2605315931250197,-0.6587534451472745
6,392,-0.6587534451472745,-0.3604407675190064,0.2137348050950907,-0.6587534451472745
6,393,-0.6587534451472745,-0.326212513412539,0.2756223602589266,-0.6587534451472745
6,394,-0.6587534451472745,-0.3188474024922304,0.27753297957403406,-0.6587534451472745
6,395,-0.6587534451472745,-0.3319609346939783,0.19504887480178087,-0.6587534451472745
6,396,-0.6587534451472745,-0.3478499057234419,0.19403584197380025,-0.6587534451472745
6,397,-0.6587534451472745,-0.3235799453129918,0.28274222110744357,-0.6587534451472745
6,398,-0.6587534451472745,-0.33271698370369385,0.21899611986860357,-0.6587534451472745
6,399,-0.6587534451472745,-0.3654125065310399,0.17447307596592415,-0.6587534451472745
6,400,-0.6587534451472745,-0.3504980977813018,0.226711492160272,-0.6587534451472745
6,401,-0.6587534451472745,-0.29138904035035806,0.2976282815986465,-0.6587534451472745
6,402,-0.6587534451472745,-0.29102400811002044,0.28306145677938727,-0.6587534451472745
6,403,-0.6587534451472745,-0.32528142799371934,0.21908713552709536,-0.6587534451472745
6,404,-0.6587534451472745,-0.335669356785368,0.22120872699298771,-0.6587534451472745
6,405,-0.6587534451472745,-0.3729344430095495,0.19467906601889667,-0.6587534451472745
6,406,-0.6587534451472745,-0.3786670776114404,0.22369494355562583,-0.6587534451472745
6,407,-0.6587534451472745,-0.3863386977928265,0.2556272567609025,-0.6587534451472745
6,408,-0.6587534451472745,-0.29926765733773103,0.37213597183260594,-0.6587534451472745
6,409,-0.6587534451472745,-0.27278339039092486,0.40494736750802757,-0.6587534451472745
6,410,-0.6587534451472745,-0.33316233347214147,0.38059461368016817,-0.6587534451472745
6,411,-0.6587534451472745,-0.31995460139604087,0.37252591500749394,-0.6587534451472745
6,412,-0.6587534451472745,-0.29679168522871835,0.3376227057432563,-0.6587534451472745
6,413,-0.6587534451472745,-0.41375808196251046,0.1952428571048784,-0.6587534451472745
6,414,-0.6587534451472745,-0.42915667913099326,0.19744780721821062,-0.6587534451472745
6,415,-0.6587534451472745,-0.42206582141613747,0.19007069630790327,-0.6587534451472745
6,416,-0.6587534451472745,-0.4154883058655084,0.18293142952026897,-0.6587534451472745
6,417,-0.6587534451472745,-0.4030758709149748,0.22163919937559987,-0.6587534451472745
6,418,-0.6587534451472745,-0.4209433118751425,0.1866346962292699,-0.6587534451472745
6,419,-0.6587534451472745,-0.4157240743552475,0.19064464545294849,-0.6587534451472745
6,420,-0.6587534451472745,-0.41785721893228467,0.17941106786331643,-0.6587534451472745
6,421,-0.6587534451472745,-0.3857019304344645,0.21915937961448814,-0.6587534451472745
6,422,-0.6587534451472745,-0.30789261029913756,0.3320740524773731,-0.6587534451472745
6,423,-0.6587534451472745,-0.3171288791808235,0.3110354273587078,-0.6587534451472745
6,424,-0.6587534451472745,-0.34021019559691656,0.2945890175665562,-0.6587534451472745
6,425,-0.6587534451472745,-0.3787523833300914,0.20911613600007117,-0.6587534451472745
6,426,-0.6587534451472745,-0.35472120964749526,0.25720267943396347,-0.6587534451472745
6,427,-0.6587534451472745,-0.3824174993558126,0.2006830045825962,-0.6587534451472745
6,428,-0.6587534451472745,-0.3523924397401685,0.2656213770954727,-0.6587534451472745
6,429,-0.6587534451472745,-0.4128983308525947,0.20539485346354538,-0.6587534451472745
6,430,-0.6587534451472745,-0.32956446878307954,0.30664283434971795,-0.6587534451472745
6,431,-0.6587534451472745,-0.3440409172696513,0.3581973041048177,-0.6587534451472745
6,432,-0.6587534451472745,-0.3570797661717285,0.33394616874325067,-0.6587534451472745
6,433,-0.6587534451472745,-0.4371644728823457,0.2406169630208909,-0.6587534451472745
6,434,-0.6587534451472745,-0.3915372044878854,0.2784983328129569,-0.6587534451472745
6,435,-0.6587534451472745,-0.42353325631974387,0.20668987416089887,-0.6587534451472745
6,436,-0.6587534451472745,-0.41649225529964456,0.20899035556006895,-0.6587534451472745
6,437,-0.6587534451472745,-0.46511693015767064,0.14789104914114576,-0.6587534451472745
6,438,-0.6587534451472745,-0.446277384520079,0.1950816980802756,-0.6587534451472745
6,439,-0.6587534451472745,-0.4357735317758899,0.20713405703264276,-0.6587534451472745
6,440,-0.6587534451472745,-0.40084343456478067,0.26900479308899233,-0.6587534451472745
6,441,-0.6587534451472745,-0.3891859708687379,0.28269310633371225,-0.6587534451472745
6,442,-0.6587534451472745,-0.36237280930705773,0.39240731627640735,-0.6587534451472745
6,443,-0.6587534451472745,-0.3910727297527272,0.27301978787883524,-0.6587534451472745
6,444,-0.6587534451472745,-0.4537219028632333,0.21492132586324433,-0.6587534451472745
6,445,-0.6587534451472745,-0.417749891733022,0.2234141976968818,-0.6587534451472745
6,446,-0.6587534451472745,-0.3991760761426943,0.24094181717436156,-0.6587534451472745
6,447,-0.6587534451472745,-0.39283840934748054,0.24427483625059337,-0.6587534451472745
6,448,-0.6615902668520759,-0.3921838886329752,0.2862674317078353,-0.6615902668520759
6,449,-0.6615902668520759,-0.37762945661912667,0.3027741289906323,-0.6615902668520759
6,450,-0.6615902668520759,-0.33998584739481663,0.3653538754162703,-0.6615902668520759
6,451,-0.6615902668520759,-0.3648495042167775,0.30469589494346333,-0.6615902668520759
6,452,-0.6615902668520759,-0.4003769757727504,0.2820074524730114,-0.6615902668520759
6,453,-0.6615902668520759,-0.3917295403033899,0.29153889545937894,-0.6615902668520759
6,454,-0.6615902668520759,-0.38893433077351014,0.2562389915082448,-0.6615902668520759
6,455,-0.6615902668520759,-0.417982748435164,0.27783264287048137,-0.6615902668520759
6,456,-0.6615902668520759,-0.39038123162370514,0.3359096051169286,-0.6615902668520759
6,457,-0.6615902668520759,-0.4054493969308608,0.27233700411359496,-0.6615902668520759
6,458,-0.6615902668520759,-0.41139508878456793,0.25302111416663414,-0.6615902668520759
6,459,-0.6722840864838897,-0.3845192283276651,0.3256780301987168,-0.6722840864838897
6,460,-0.6722840864838897,-0.43670881723516364,0.23291979089188583,-0.6722840864838897
6,461,-0.6722840864838897,-0.3736647702150258,0.27754230551094466,-0.6722840864838897
6,462,-0.6722840864838897,-0.3791175591480437,0.26888154843074313,-0.6722840864838897
6,463,-0.6722840864838897,-0.37227700375408396,0.2704227773210032,-0.6722840864838897
6,464,-0.6722840864838897,-0.3559948943618744,0.28642146528957374,-0.6722840864838897
6,465,-0.6722840864838897,-0.4029598004751326,0.21393109884928563,-0.6722840864838897
6,466,-0.6722840864838897,-0.4096160544305422,0.19561272518304518,-0.6722840864838897
6,467,-0.6722840864838897,-0.4093880647604531,0.25142369784882707,-0.6722840864838897
6,468,-0.6722840864838897,-0.46439814314038336,0.23836247971286445,-0.6722840864838897
6,469,-0.6722840864838897,-0.4056660875465202,0.3293405399404678,-0.6722840864838897
6,470,-0.6722840864838897,-0.40831130135263866,0.28942114819760534,-0.6722840864838897
6,471,-0.6722840864838897,-0.372723419489546,0.3122756745485289,-0.6722840864838897
6,472,-0.6722840864838897,-0.3696421727450758,0.31313369331518887,-0.6722840864838897
6,473,-0.6722840864838897,-0.35831534354032696,0.3229269699158937,-0.6722840864838897
6,474,-0.6722840864838897,-0.43672804465619497,0.20731260475418314,-0.6722840864838897
6,475,-0.6722840864838897,-0.46355237766736485,0.17713587646668033,-0.6722840864838897
6,476,-0.6853222476433594,-0.4795557905553209,0.16587188758343305,-0.6853222476433594
6,477,-0.6853222476433594,-0.4537660887704028,0.24999082496987302,-0.6853222476433594
6,478,-0.6853222476433594,-0.505532437130519,0.1432895830884416,-0.6853222476433594
6,479,-0.6853222476433594,-0.40186179107185044,0.3156778519927964,-0.6853222476433594
6,480,-0.6853222476433594,-0.44858910716470285,0.2280779572074704,-0.6853222476433594
6,481,-0.6853222476433594,-0.4656630703730516,0.17040318363344908,-0.6853222476433594
6,482,-0.6853222476433594,-0.4466734583974608,0.23281236937721933,-0.6853222476433594
6,483,-0.6853222476433594,-0.4062585413447104,0.23536849215526853,-0.6853222476433594
6,484,-0.6853222476433594,-0.42569535024615085,0.24629218810662445,-0.6853222476433594
6,485,-0.6853222476433594,-0.4503006039607044,0.23900260682091862,-0.6853222476433594
6,486,-0.6853222476433594,-0.39210745547645925,0.369370603662966,-0.6853222476433594
6,487,-0.6853222476433594,-0.43351955516911683,0.27763613136109405,-0.6853222476433594
6,488,-0.6853222476433594,-0.42535560849430815,0.29819007386271823,-0.6853222476433594
6,489,-0.6853222476433594,-0.4793142464911421,0.20158486430450154,-0.6853222476433594
6,490,-0.6853222476433594,-0.47330731708743307,0.23928021668663013,-0.6853222476433594
6,491,-0.6853222476433594,-0.4543263614199627,0.248709341799143,-0.6853222476433594
6,492,-0.6853222476433594,-0.47847427933072706,0.18353182871337262,-0.6853222476433594
6,493,-0.6853222476433594,-0.47299850295992757,0.16459085432469778,-0.6853222476433594
6,494,-0.6853222476433594,-0.4620103281256905,0.17551957529043324,-0.6853222476433594
6,495,-0.6853222476433594,-0.4917948157043065,0.13789419856801016,-0.6853222476433594
6,496,-0.6853222476433594,-0.49843490142547053,0.12905839766538807,-0.6853222476433594
6,497,-0.6853222476433594,-0.4102964241252053,0.3414486776617239,-0.6853222476433594
6,498,-0.6853222476433594,-0.4376756612068482,0.2345274343632651,-0.6853222476433594
6,499,-0.6853222476433594,-0.4251495704514505,0.23700377823734042,-0.6853222476433594
6,500,-0.7268534046436746,-0.40210573486516926,0.26351184298835356,-0.7268534046436746
6,501,-0.7268534046436746,-0.42115950104714356,0.24790389523847756,-0.7268534046436746
6,502,-0.7268534046436746,-0.3719556608043243,0.3097485711185713,-0.7268534046436746
6,503,-0.7268534046436746,-0.39762012150110143,0.2667689668460603,-0.7268534046436746
6,504,-0.7268534046436746,-0.4127725343376571,0.2200426474934833,-0.7268534046436746
6,505,-0.7268534046436746,-0.3912012915221895,0.2569691215509386,-0.7268534046436746
6,506,-0.7268534046436746,-0.3853141192322554,0.2732593339701424,-0.7268534046436746
6,507,-0.7268534046436746,-0.3789627344339505,0.25550285582277354,-0.7268534046436746
6,508,-0.7268534046436746,-0.38012895805688107,0.25010490971879523,-0.7268534046436746
6,509,-0.7268534046436746,-0.4071223945332993,0.26028837991043785,-0.7268534046436746
6,510,-0.7268534046436746,-0.4446529393571755,0.20787313719336595,-0.7268534046436746
6,511,-0.7268534046436746,-0.44918329143209845,0.22442913067239556,-0.7268534046436746
6,512,-0.7268534046436746,-0.4290563973474697,0.2769146565149821,-0.7268534046436746
6,513,-0.7268534046436746,-0.4294044230371252,0.30158535782969526,-0.7268534046436746
6,514,-0.7268534046436746,-0.4686038255327586,0.24605238833437448,-0.7268534046436746
6,515,-0.7268534046436746,-0.47029571397913766,0.23841984069936947,-0.7268534046436746
6,516,-0.7268534046436746,-0.4914927633635804,0.15150305682561754,-0.7268534046436746
6,517,-0.7268534046436746,-0.529980740237691,0.1334871662690153,-0.7268534046436746
6,518,-0.7268534046436746,-0.5020244084399202,0.2210663418436095,-0.7268534046436746
6,519,-0.7268534046436746,-0.5262023870965409,0.1410744768358598,-0.7268534046436746
6,520,-0.7268534046436746,-0.4362690747622929,0.2815629037032156,-0.7268534046436746
6,521,-0.7268534046436746,-0.4257586337603449,0.27930326943675504,-0.7268534046436746
6,522,-0.7268534046436746,-0.41141671793154205,0.26216885221067665,-0.7268534046436746
6,523,-0.7268534046436746,-0.45243294225429925,0.2170237042085891,-0.7268534046436746
6,524,-0.7268534046436746,-0.3378440216271352,0.38391350038728406,-0.7268534046436746
6,525,-0.7268534046436746,-0.3432750881705374,0.39144630198615965,-0.7268534046436746
6,526,-0.7268534046436746,-0.3654059156341177,0.40994038302272795,-0.7268534046436746
6,527,-0.7929383650075533,-0.32445301551112743,0.4406776963565586,-0.7929383650075533
6,528,-0.7929383650075533,-0.31048199866322707,0.47190659428980675,-0.7929383650075533
6,529,-0.7929383650075533,-0.34221489222656243,0.439944483427812,-0.7929383650075533
6,530,-0.7929383650075533,-0.3926120235469888,0.4028408935934848,-0.7929383650075533
6,531,-0.7929383650075533,-0.38288161684905425,0.38174783397687007,-0.7929383650075533
6,532,-0.7929383650075533,-0.3722366086971526,0.4078496184024023,-0.7929383650075533
6,533,-0.7929383650075533,-0.427573117746368,0.3219814308228334,-0.7929383650075533
6,534,-0.7929383650075533,-0.46060375093667777,0.28009913811381165,-0.7929383650075533
6,535,-0.7929383650075533,-0.4719004125012478,0.2445926570475381,-0.7929383650075533
6,536,-0.7929383650075533,-0.45574080543311674,0.2390604203489304,-0.7929383650075533
6,537,-0.7929383650075533,-0.4890678441692976,0.20336039840416498,-0.7929383650075533
6,538,-0.7929383650075533,-0.4992135690011634,0.24789829639516517,-0.7929383650075533
6,539,-0.7929383650075533,-0.5042711026082315,0.21976337915428448,-0.7929383650075533
6,540,-0.7929383650075533,-0.5242307299187532,0.263381281967194,-0.7929383650075533
6,541,-0.7929383650075533,-0.4853734286742844,0.3498950409663096,-0.7929383650075533
6,542,-0.7929383650075533,-0.5158135397471213,0.299550525459338,-0.7929383650075533
6,543,-0.7929383650075533,-0.43903419958094914,0.36552818302411644,-0.7929383650075533
6,544,-0.7929383650075533,-0.5192584471236087,0.25484556400669495,-0.7929383650075533
6,545,-0.7929383650075533,-0.49667170323469517,0.2569077300713166,-0.7929383650075533
6,546,-0.7929383650075533,-0.5078036564886741,0.23423498003493706,-0.7929383650075533
6,547,-0.7929383650075533,-0.5031393198650457,0.2212653761614495,-0.7929383650075533
6,548,-0.7929383650075533,-0.4371739154510754,0.31442602820541576,-0.7929383650075533
6,549,-0.7929383650075533,-0.42844300610430364,0.341135239507037,-0.7929383650075533
6,550,-0.7929383650075533,-0.4073466118108461,0.3728296237344921,-0.7929383650075533
6,551,-0.7929383650075533,-0.4206705019239389,0.34441892758185594,-0.7929383650075533
6,552,-0.7929383650075533,-0.4547567951671632,0.2946821401031726,-0.7929383650075533
6,553,-0.7929383650075533,-0.4724081406792936,0.30801722057479425,-0.7929383650075533
6,554,-0.7929383650075533,-0.5001719358775366,0.2892051083393358,-0.7929383650075533
6,555,-0.7929383650075533,-0.5325541306182652,0.2425381087618031,-0.7929383650075533
6,556,-0.7929383650075533,-0.5238529756667878,0.22153876169728873,-0.7929383650075533
6,557,-0.7929383650075533,-0.4909432839476056,0.2448562112060776,-0.7929383650075533
6,558,-0.7929383650075533,-0.4437216651766267,0.316302765859645,-0.7929383650075533
6,559,-0.7929383650075533,-0.39564932420024557,0.3693990703310181,-0.7929383650075533
6,560,-0.7929383650075533,-0.39446066903472643,0.3472610203389692,-0.7929383650075533
6,561,-0.7929383650075533,-0.5154900109588871,0.18722602573558844,-0.7929383650075533
6,562,-0.7929383650075533,-0.354743578606899,0.45453364796548357,-0.7929383650075533
6,563,-0.7929383650075533,-0.36182843693891276,0.419345740709536,-0.7929383650075533
6,564,-0.7929383650075533,-0.4137804794074032,0.3988920460218994,-0.7929383650075533
6,565,-0.7929383650075533,-0.4523514161384215,0.28254414048814347,-0.7929383650075533
6,566,-0.7929383650075533,-0.4257708864568353,0.3282899667935674,-0.7929383650075533
6,567,-0.7929383650075533,-0.48691164488882516,0.3131374234771553,-0.7929383650075533
6,568,-0.7929383650075533,-0.5285223585204961,0.24672485447420264,-0.7929383650075533
6,569,-0.7929383650075533,-0.5104989960252777,0.2648451854916444,-0.7929383650075533
6,570,-0.7929383650075533,-0.47512080253896927,0.3118754008771554,-0.7929383650075533
6,571,-0.7929383650075533,-0.4388778508414223,0.3296242657851199,-0.7929383650075533
6,572,-0.7929383650075533,-0.45538069188736047,0.36292194210845447,-0.7929383650075533
6,573,-0.7929383650075533,-0.46351004422149755,0.31922211000972484,-0.7929383650075533
6,574,-0.7929383650075533,-0.45999946491608334,0.2878271675117006,-0.7929383650075533
6,575,-0.7929383650075533,-0.5044970822274929,0.22737200718881387,-0.7929383650075533
6,576,-0.7929383650075533,-0.484123374000859,0.23637089231452,-0.7929383650075533
6,577,-0.7929383650075533,-0.47625437045610824,0.32350702372228507,-0.7929383650075533
6,578,-0.7929383650075533,-0.4392483010812394,0.34715330181792065,-0.7929383650075533
6,579,-0.7929383650075533,-0.4910730992312776,0.3076261410067454,-0.7929383650075533
6,580,-0.7929383650075533,-0.4627058198658483,0.29194044336645975,-0.7929383650075533
6,581,-0.7929383650075533,-0.4686063873646393,0.30045733567899835,-0.7929383650075533
6,582,-0.7929383650075533,-0.455172272475806,0.2943515552310989,-0.7929383650075533
6,583,-0.7929383650075533,-0.4570355669037972,0.23214839554916084,-0.7929383650075533
6,584,-0.7929383650075533,-0.42011241135213695,0.27606409929014475,-0.7929383650075533
6,585,-0.7929383650075533,-0.40384375544463763,0.27982943771100455,-0.7929383650075533
6,586,-0.7929383650075533,-0.41228807607109647,0.2833802006317619,-0.7929383650075533
6,587,-0.7929383650075533,-0.4312581680082022,0.28135842168186986,-0.7929383650075533
6,588,-0.7929383650075533,-0.3733585000133644,0.39839804013835994,-0.7929383650075533
6,589,-0.7929383650075533,-0.4408738986111337,0.2723385058024908,-0.7929383650075533
6,590,-0.7929383650075533,-0.4218956317855759,0.2908098143696968,-0.7929383650075533
6,591,-0.7929383650075533,-0.5012599784692939,0.22329908918879995,-0.7929383650075533
6,592,-0.7929383650075533,-0.4977580445009899,0.28588482768123574,-0.7929383650075533
6,593,-0.7929383650075533,-0.44784091611299887,0.3515189559823485,-0.7929383650075533
6,594,-0.7929383650075533,-0.391279680162831,0.46046630193028826,-0.7929383650075533
6,595,-0.7929383650075533,-0.4734695569212794,0.2784872511071346,-0.7929383650075533
6,596,-0.7929383650075533,-0.49769056128378397,0.23792618660143325,-0.7929383650075533
6,597,-0.7929383650075533,-0.5321626952335622,0.22333338957443535,-0.7929383650075533
6,598,-0.7929383650075533,-0.49976151049822454,0.26244212106010745,-0.7929383650075533
6,599,-0.7929383650075533,-0.5191823240070516,0.25365237863338685,-0.7929383650075533
6,600,-0.7929383650075533,-0.5109306739407734,0.21052862861505764,-0.7929383650075533
6,601,-0.8621393094279908,-0.5167120930229118,0.21341298569472153,-0.8621393094279908
6,602,-0.8621393094279908,-0.4509231618221187,0.3322071612307317,-0.8621393094279908
6,603,-0.8621393094279908,-0.4003174654616032,0.3414405073303052,-0.8621393094279908
6,604,-0.8621393094279908,-0.4832934033702603,0.29082039174751784,-0.8621393094279908
6,605,-0.8621393094279908,-0.44033947393616707,0.3475663045522634,-0.8621393094279908
6,606,-0.8621393094279908,-0.469353163672572,0.36033155061696925,-0.8621393094279908
6,607,-0.8621393094279908,-0.47939678714678663,0.3195329312788845,-0.8621393094279908
6,608,-0.8621393094279908,-0.42029662810164503,0.3815567072097707,-0.8621393094279908
6,609,-0.8621393094279908,-0.48722950980801066,0.2689400341535146,-0.8621393094279908
6,610,-0.8621393094279908,-0.4824148956610555,0.252189947549573,-0.8621393094279908
6,611,-0.8621393094279908,-0.47095238401617057,0.3723310412804603,-0.8621393094279908
6,612,-0.8621393094279908,-0.5030955100058553,0.28703957425605076,-0.8621393094279908
6,613,-0.8621393094279908,-0.48543393221005676,0.338217381021922,-0.8621393094279908
6,614,-0.8621393094279908,-0.47894061412995426,0.3429000163139902,-0.8621393094279908
6,615,-0.8621393094279908,-0.51035019077703,0.3171989424122075,-0.8621393094279908
6,616,-0.8621393094279908,-0.5060916845604093,0.3295102392652322,-0.8621393094279908
6,617,-0.8621393094279908,-0.4617096614978972,0.371636735236109,-0.8621393094279908
6,618,-0.8621393094279908,-0.4347622789396212,0.4315852638359138,-0.8621393094279908
6,619,-0.8621393094279908,-0.4270763497615405,0.39822825975625936,-0.8621393094279908
6,620,-0.8621393094279908,-0.4805748357937805,0.3570017994248262,-0.8621393094279908
6,621,-0.8621393094279908,-0.4471678506972275,0.39723287747809866,-0.8621393094279908
6,622,-0.8621393094279908,-0.46238343457023073,0.42738423986864843,-0.8621393094279908
6,623,-0.8621393094279908,-0.4493810070880222,0.40600592612222036,-0.8621393094279908
6,624,-0.8621393094279908,-0.45932220646944016,0.4168900451742898,-0.8621393094279908
6,625,-0.8621393094279908,-0.4608251309075267,0.3556509917135792,-0.8621393094279908
6,626,-0.8621393094279908,-0.5584070034029253,0.23008426513788913,-0.8621393094279908
6,627,-0.8621393094279908,-0.5568408264078595,0.2943589615602701,-0.8621393094279908
6,628,-0.8621393094279908,-0.5226366593563917,0.3426718150744733,-0.8621393094279908
6,629,-0.8621393094279908,-0.5076442419153514,0.35309924957976746,-0.8621393094279908
6,630,-0.8621393094279908,-0.5575729788692264,0.2233555518702873,-0.8621393094279908
6,631,-0.8621393094279908,-0.4812090360898999,0.3049350907786232,-0.8621393094279908
6,632,-0.8621393094279908,-0.4969353550864335,0.25089881336137815,-0.8621393094279908
6,633,-0.8621393094279908,-0.5512420671175293,0.1990265590492661,-0.8621393094279908
6,634,-0.8621393094279908,-0.5810342713009847,0.18352413120063885,-0.8621393094279908
6,635,-0.8621393094279908,-0.5878957172324536,0.16205848702205058,-0.8621393094279908
6,636,-0.8621393094279908,-0.5687037009808307,0.2440685455748907,-0.8621393094279908
6,637,-0.8621393094279908,-0.5671678274347146,0.2511775037166935,-0.8621393094279908
6,638,-0.8621393094279908,-0.5048854964930423,0.3147791389656509,-0.8621393094279908
6,639,-0.8621393094279908,-0.5444769805910794,0.23670475949101347,-0.8621393094279908
6,640,-0.8621393094279908,-0.5359607902397905,0.24846440501678785,-0.8621393094279908
6,641,-0.8621393094279908,-0.559886024076292,0.20503832587156828,-0.8621393094279908
6,642,-0.8621393094279908,-0.5275274272265256,0.2612057771450513,-0.8621393094279908
6,643,-0.8621393094279908,-0.5522380984851551,0.24565831981656353,-0.8621393094279908
6,644,-0.8621393094279908,-0.5060067774134488,0.2987812264485196,-0.8621393094279908
6,645,-0.8621393094279908,-0.5372955127189436,0.27709671480809284,-0.8621393094279908
6,646,-0.8621393094279908,-0.5410785095170515,0.2619922074449851,-0.8621393094279908
6,647,-0.8621393094279908,-0.4957653026030067,0.31860000653894066,-0.8621393094279908
6,648,-0.8621393094279908,-0.5457753559586334,0.24515940586359974,-0.8621393094279908
6,649,-0.8621393094279908,-0.5293918850670278,0.3060698511940127,-0.8621393094279908
6,650,-0.8621393094279908,-0.5015546669867755,0.31732513267073353,-0.8621393094279908
6,651,-0.8621393094279908,-0.5061304545972853,0.3166784156109842,-0.8621393094279908
6,652,-0.8714677868123822,-0.43815961976968315,0.39746319851173484,-0.8714677868123822
6,653,-0.8714677868123822,-0.4974138097078009,0.35262269968885956,-0.8714677868123822
6,654,-0.8714677868123822,-0.5389143402966139,0.279137132041551,-0.8714677868123822
6,655,-0.8714677868123822,-0.4735406682140593,0.34483389639541256,-0.8714677868123822
6,656,-0.8714677868123822,-0.4567077971633832,0.3492619694235289,-0.8714677868123822
6,657,-0.8714677868123822,-0.4634710740267563,0.3728723215141555,-0.8714677868123822
6,658,-0.8773682947107695,-0.5926168690276695,0.2054371298858407,-0.8773682947107695
6,659,-0.8773682947107695,-0.5312267519913464,0.28432099842210456,-0.8773682947107695
6,660,-0.8773682947107695,-0.4944149215153507,0.31159975380669735,-0.8773682947107695
6,661,-0.8773682947107695,-0.4618922194231135,0.3746444296244888,-0.8773682947107695
6,662,-0.8773682947107695,-0.5517217380795323,0.2399937430927091,-0.8773682947107695
6,663,-0.8773682947107695,-0.5306915830780163,0.257626701819151,-0.8773682947107695
6,664,-0.8773682947107695,-0.5420290740032138,0.27082779799470263,-0.8773682947107695
6,665,-0.8773682947107695,-0.535187899248467,0.3158411749218093,-0.8773682947107695
6,666,-0.8773682947107695,-0.5598760372708452,0.29313129543771455,-0.8773682947107695
6,667,-0.8773682947107695,-0.5679973444325458,0.3328180189216315,-0.8773682947107695
6,668,-0.8773682947107695,-0.488466622314654,0.4288516786692829,-0.8773682947107695
6,669,-0.9469209903969725,-0.5986911478388082,0.2799382614110057,-0.9469209903969725
6,670,-0.9469209903969725,-0.5917298690454503,0.34135952171812906,-0.9469209903969725
6,671,-0.9469209903969725,-0.6188255568478538,0.2808269033804915,-0.9469209903969725
6,672,-0.9469209903969725,-0.5288941302120213,0.39638705950784414,-0.9469209903969725
6,673,-0.9469209903969725,-0.5442868139298059,0.3157805818822781,-0.9469209903969725
6,674,-0.9469209903969725,-0.5204557905204721,0.40401502276086704,-0.9469209903969725
6,675,-0.9469209903969725,-0.5771791735828397,0.36961360460455855,-0.9469209903969725
6,676,-0.9469209903969725,-0.6162706486820063,0.3026627181092602,-0.9469209903969725
6,677,-0.9469209903969725,-0.609437805121879,0.3163424267804039,-0.9469209903969725
6,678,-0.9469209903969725,-0.6042230975292866,0.36170378984384044,-0.9469209903969725
6,679,-0.9469209903969725,-0.6344248102563183,0.3687899733256521,-0.9469209903969725
6,680,-0.9469209903969725,-0.6262664017968824,0.37563132017755396,-0.9469209903969725
6,681,-1.0208646904365617,-0.7207663639833147,0.24167815679674753,-1.0208646904365617
6,682,-1.0208646904365617,-0.6959258997367266,0.29806208111243354,-1.0208646904365617
6,683,-1.0208646904365617,-0.658513116772328,0.3636539117091965,-1.0208646904365617
6,684,-1.0208646904365617,-0.6336586177923376,0.36038903455346727,-1.0208646904365617
6,685,-1.0208646904365617,-0.7175075631405151,0.20949899207160302,-1.0208646904365617
6,686,-1.023832472541898,-0.6879123527085087,0.2556636848035504,-1.023832472541898
6,687,-1.023832472541898,-0.6935208429086511,0.26696456171730654,-1.023832472541898
6,688,-1.0268306141571197,-0.7637515024664306,0.18095728112066312,-1.0268306141571197
6,689,-1.0268306141571197,-0.7376553172290109,0.18917994689452994,-1.0268306141571197
6,690,-1.0495902389957887,-0.6957970412726351,0.23207626645479326,-1.0495902389957887
6,691,-1.0495902389957887,-0.7489048653652192,0.22455131564287642,-1.0495902389957887
6,692,-1.1065898138073667,-0.809643725515407,0.22760803185669262,-1.1065898138073667
6,693,-1.1065898138073667,-0.8085506149573737,0.22757216858079238,-1.1065898138073667
6,694,-1.1065898138073667,-0.764935633167656,0.3021930286688403,-1.1065898138073667
6,695,-1.1065898138073667,-0.7371378810942644,0.32473074624932585,-1.1065898138073667
6,696,-1.1065898138073667,-0.8168137137409315,0.19671945372344268,-1.1065898138073667
6,697,-1.1065898138073667,-0.8089326977511766,0.2230800601424635,-1.1065898138073667
6,698,-1.1065898138073667,-0.81048310382873,0.27069549750911215,-1.1065898138073667
6,699,-1.1065898138073667,-0.8194295778929811,0.25023668220449263,-1.1065898138073667
6,700,-1.1065898138073667,-0.7986367891526729,0.25500917923584454,-1.1065898138073667
6,701,-1.1065898138073667,-0.7340819168618072,0.3760004976576436,-1.1065898138073667
6,702,-1.1065898138073667,-0.7016726691115655,0.4286131302766412,-1.1065898138073667
6,703,-1.1065898138073667,-0.6922715834722429,0.489172092489825,-1.1065898138073667
6,704,-1.1065898138073667,-0.6452003726530019,0.45642338945662275,-1.1065898138073667
6,705,-1.1065898138073667,-0.591570122095275,0.4645663373618083,-1.1065898138073667
6,706,-1.1065898138073667,-0.6200611880623588,0.3839458887237805,-1.1065898138073667
6,707,-1.1065898138073667,-0.7562194072725252,0.2887579922767828,-1.1065898138073667
6,708,-1.1065898138073667,-0.7711227123014244,0.3077270116374952,-1.1065898138073667
6,709,-1.1065898138073667,-0.7368306000538306,0.3177651826906062,-1.1065898138073667
6,710,-1.1065898138073667,-0.7214246851709608,0.38755890635908824,-1.1065898138073667
6,711,-1.1065898138073667,-0.8082979561656434,0.22319302758397727,-1.1065898138073667
6,712,-1.1065898138073667,-0.7844819484827112,0.2997489593914505,-1.1065898138073667
6,713,-1.1065898138073667,-0.8048351131747576,0.284131819017663,-1.1065898138073667
6,714,-1.1065898138073667,-0.8031124944715496,0.26029274585417644,-1.1065898138073667
6,715,-1.1065898138073667,-0.7512553180848005,0.37135207526012787,-1.1065898138073667
6,716,-1.1065898138073667,-0.7370974759041954,0.3501920547965765,-1.1065898138073667
6,717,-1.1065898138073667,-0.7666585109136315,0.256061524923958,-1.1065898138073667
6,718,-1.1065898138073667,-0.712203870381041,0.3186935139664715,-1.1065898138073667
6,719,-1.1065898138073667,-0.7385290956461897,0.2866451873691398,-1.1065898138073667
6,720,-1.1065898138073667,-0.6946428577131579,0.3792035156951845,-1.1065898138073667
6,721,-1.1065898138073667,-0.6719786087797001,0.37919593959487263,-1.1065898138073667
6,722,-1.1065898138073667,-0.7071394010535746,0.3374532938487618,-1.1065898138073667
6,723,-1.1065898138073667,-0.8016180127824104,0.2821047320071228,-1.1065898138073667
6,724,-1.1065898138073667,-0.7877323839507532,0.3268021712501021,-1.1065898138073667
6,725,-1.1065898138073667,-0.8317050846595336,0.21476664542262047,-1.1065898138073667
6,726,-1.1065898138073667,-0.8346035854154485,0.25753368039696345,-1.1065898138073667
6,727,-1.1065898138073667,-0.8615615360593022,0.20799440777844475,-1.1065898138073667
6,728,-1.1065898138073667,-0.8178471359471982,0.2804037615084943,-1.1065898138073667
6,729,-1.1065898138073667,-0.7624818209925075,0.3720689941018292,-1.1065898138073667
6,730,-1.1065898138073667,-0.7994098447383358,0.3099571412251359,-1.1065898138073667
6,731,-1.1065898138073667,-0.8395217241126969,0.21582140595096327,-1.1065898138073667
6,732,-1.1065898138073667,-0.7900681896671821,0.36205720000236213,-1.1065898138073667
6,733,-1.1065898138073667,-0.7680040033939585,0.3701298145475411,-1.1065898138073667
6,734,-1.1065898138073667,-0.7659297842489465,0.3669087895476327,-1.1065898138073667
6,735,-1.1065898138073667,-0.7946843322834133,0.2661460598933579,-1.1065898138073667
6,736,-1.1065898138073667,-0.8102934980631632,0.2558471939894287,-1.1065898138073667
6,737,-1.109436519424852,-0.8220878898987198,0.29413830967882015,-1.109436519424852
6,738,-1.109436519424852,-0.7623241983858076,0.35948750791690776,-1.109436519424852
6,739,-1.109436519424852,-0.7679280463300707,0.34908125124255257,-1.109436519424852
6,740,-1.109436519424852,-0.7980286372052704,0.22849846765396714,-1.109436519424852
6,741,-1.109436519424852,-0.7982635650279171,0.25661452758259495,-1.109436519424852
6,742,-1.109436519424852,-0.7502795561642436,0.3597678776225051,-1.109436519424852
6,743,-1.109436519424852,-0.8487884543997449,0.1951489919563208,-1.109436519424852
6,744,-1.109436519424852,-0.8239989288026203,0.25356745064927033,-1.109436519424852
6,745,-1.109436519424852,-0.7998556544059613,0.28052072338850037,-1.109436519424852
6,746,-1.109436519424852,-0.8365471066225261,0.24235925711362744,-1.109436519424852
6,747,-1.109436519424852,-0.8555511831690988,0.21877598536049506,-1.109436519424852
6,748,-1.109436519424852,-0.8668541418773679,0.20972669763207027,-1.109436519424852
6,749,-1.109436519424852,-0.8639386677507248,0.2601251479104279,-1.109436519424852
6,750,-1.109436519424852,-0.8366071739868463,0.30916705324988764,-1.109436519424852
6,751,-1.109436519424852,-0.7773731402259003,0.34186468846259926,-1.109436519424852
6,752,-1.109436519424852,-0.753404209819534,0.364783361470607,-1.109436519424852
6,753,-1.109436519424852,-0.7695444295750709,0.2963877908541688,-1.109436519424852
6,754,-1.109436519424852,-0.7951417648790268,0.29953397282824673,-1.109436519424852
6,755,-1.109436519424852,-0.8347515239218105,0.2349804600451349,-1.109436519424852
6,756,-1.109436519424852,-0.8224083388215394,0.2391141906866822,-1.109436519424852
6,757,-1.1347675665614023,-0.8351466923297709,0.26540633194520896,-1.1347675665614023
6,758,-1.1347675665614023,-0.8007356233422819,0.2967648301004552,-1.1347675665614023
6,759,-1.1347675665614023,-0.8561490010170897,0.25661627615544835,-1.1347675665614023
6,760,-1.1347675665614023,-0.7866666980872327,0.36230261373390155,-1.1347675665614023
6,761,-1.1347675665614023,-0.781229759925423,0.38858402999386216,-1.1347675665614023
6,762,-1.1347675665614023,-0.8207323335893761,0.2983591403924781,-1.1347675665614023
6,763,-1.1347675665614023,-0.7765443239544341,0.3481589894138891,-1.1347675665614023
6,764,-1.1347675665614023,-0.822052502748564,0.26698660561641374,-1.1347675665614023
6,765,-1.1347675665614023,-0.6709679595153282,0.4716890401019294,-1.1347675665614023
6,766,-1.1347675665614023,-0.6961082472235529,0.4056760012258992,-1.1347675665614023
6,767,-1.1347675665614023,-0.7493382020765613,0.3202568944921562,-1.1347675665614023
6,768,-1.1347675665614023,-0.8038373068794973,0.232342152331666,-1.1347675665614023
6,769,-1.1347675665614023,-0.77243770945225,0.2950022328783157,-1.1347675665614023
6,770,-1.1347675665614023,-0.7200459230086962,0.3488978689410116,-1.1347675665614023
6,771,-1.1347675665614023,-0.764537896102144,0.2512242121209064,-1.1347675665614023
6,772,-1.1347675665614023,-0.7369857302928856,0.27435550812318765,-1.1347675665614023
6,773,-1.1347675665614023,-0.7187391645771822,0.3142883348111103,-1.1347675665614023
6,774,-1.1347675665614023,-0.6645600560277208,0.4275908629466494,-1.1347675665614023
6,775,-1.1347675665614023,-0.6969932282952823,0.39333177276167536,-1.1347675665614023
6,776,-1.1347675665614023,-0.7213057718580606,0.38326681991876255,-1.1347675665614023
6,777,-1.1347675665614023,-0.7760036418213493,0.3765064710707077,-1.1347675665614023
6,778,-1.1347675665614023,-0.8475659660062091,0.1943278446073078,-1.1347675665614023
6,779,-1.1347675665614023,-0.8742652885609031,0.18848347550737352,-1.1347675665614023
6,780,-1.1347675665614023,-0.8249762227792672,0.32318020668309744,-1.1347675665614023
6,781,-1.1347675665614023,-0.7987838935724361,0.28410539499937454,-1.1347675665614023
6,782,-1.1347675665614023,-0.8163361475982129,0.26980186456026595,-1.1347675665614023
6,783,-1.1347675665614023,-0.7898504352290191,0.34125530137535093,-1.1347675665614023
6,784,-1.1347675665614023,-0.8105115923180964,0.3349944110669783,-1.1347675665614023
6,785,-1.1347675665614023,-0.8214238785691571,0.2944279197961673,-1.1347675665614023
6,786,-1.1347675665614023,-0.8211876571225447,0.35861601988090497,-1.1347675665614023
6,787,-1.1347675665614023,-0.8021919200821264,0.31853704499876595,-1.1347675665614023
6,788,-1.1347675665614023,-0.7591967264809775,0.3039855210556307,-1.1347675665614023
6,789,-1.1347675665614023,-0.8079056253357585,0.2653985873175766,-1.1347675665614023
6,790,-1.1347675665614023,-0.75607814945043,0.3243397431094755,-1.1347675665614023
6,791,-1.1347675665614023,-0.7752877554629163,0.29628925331064493,-1.1347675665614023
6,792,-1.1347675665614023,-0.7317139212025193,0.3810339505078301,-1.1347675665614023
6,793,-1.1347675665614023,-0.7867593711197691,0.2550332573161092,-1.1347675665614023
6,794,-1.1347675665614023,-0.8154820845677507,0.2433376611878095,-1.1347675665614023
6,795,-1.1347675665614023,-0.77150150672977,0.3219216747894777,-1.1347675665614023
6,796,-1.1347675665614023,-0.7879615819797174,0.3687147355196415,-1.1347675665614023
6,797,-1.1347675665614023,-0.8481251451670685,0.2608291045495989,-1.1347675665614023
6,798,-1.1347675665614023,-0.8246993529510672,0.29599465155359383,-1.1347675665614023
6,799,-1.1347675665614023,-0.77178701947773,0.4065486585227467,-1.1347675665614023
6,800,-1.1347675665614023,-0.7557404756143697,0.36361104648698894,-1.1347675665614023
6,801,-1.1347675665614023,-0.7255780071780886,0.40429500642278726,-1.1347675665614023
6,802,-1.1347675665614023,-0.7235716522026302,0.4225945224904451,-1.1347675665614023
6,803,-1.1347675665614023,-0.7203046651146043,0.3898367579221585,-1.1347675665614023
6,804,-1.1347675665614023,-0.743548850956595,0.38413717660535546,-1.1347675665614023
6,805,-1.1347675665614023,-0.7491877075636972,0.39067881459272746,-1.1347675665614023
6,806,-1.1347675665614023,-0.7366858549501024,0.42387883196956005,-1.1347675665614023
6,807,-1.1347675665614023,-0.8403867238699771,0.3379636154540286,-1.1347675665614023
6,808,-1.1347675665614023,-0.8382361478318926,0.3304402088823395,-1.1347675665614023
6,809,-1.1347675665614023,-0.8125374666976436,0.35379652637279346,-1.1347675665614023
6,810,-1.1347675665614023,-0.8747634874089005,0.25394458987370766,-1.1347675665614023
6,811,-1.1347675665614023,-0.845861774624881,0.2918925883538271,-1.1347675665614023
6,812,-1.1347675665614023,-0.8082300075484277,0.2835656101015059,-1.1347675665614023
6,813,-1.1347675665614023,-0.8006985794450988,0.2931884248945936,-1.1347675665614023
6,814,-1.1347675665614023,-0.7796031581776404,0.29848610859568353,-1.1347675665614023
6,815,-1.1347675665614023,-0.8217851374683123,0.30064707212187664,-1.1347675665614023
6,816,-1.1347675665614023,-0.760900206428098,0.3688209739176575,-1.1347675665614023
6,817,-1.1347675665614023,-0.8275150295567251,0.24854271035322847,-1.1347675665614023
6,818,-1.1347675665614023,-0.8384705610499218,0.26619883531165317,-1.1347675665614023
6,819,-1.1347675665614023,-0.8515933696914838,0.2629682992507401,-1.1347675665614023
6,820,-1.1347675665614023,-0.8797211021562611,0.2091653626647884,-1.1347675665614023
6,821,-1.1347675665614023,-0.8129074903214468,0.2963855013577262,-1.1347675665614023
6,822,-1.1347675665614023,-0.7856125493565975,0.3027278857852091,-1.1347675665614023
6,823,-1.1347675665614023,-0.7533846486841741,0.34328255357509246,-1.1347675665614023
6,824,-1.1347675665614023,-0.7668123828287687,0.4757146627282316,-1.1347675665614023
6,825,-1.1347675665614023,-0.8179974394399705,0.4117469393006576,-1.1347675665614023
6,826,-1.1347675665614023,-0.7476563753410975,0.46758421525365146,-1.1347675665614023
6,827,-1.1380561428818616,-0.8138924031963785,0.3975876424585564,-1.1380561428818616
6,828,-1.1380561428818616,-0.6833288991967769,0.5670465919899426,-1.1380561428818616
6,829,-1.1380561428818616,-0.802672427847454,0.3133994861352612,-1.1380561428818616
6,830,-1.1380561428818616,-0.827794610065789,0.24886682018075662,-1.1380561428818616
6,831,-1.1380561428818616,-0.7877315038343858,0.27785120676528513,-1.1380561428818616
6,832,-1.1380561428818616,-0.7858410603671449,0.308636846718683,-1.1380561428818616
6,833,-1.1380561428818616,-0.725647742129306,0.44987256206089415,-1.1380561428818616
6,834,-1.1380561428818616,-0.7659177963070422,0.3898756699512486,-1.1380561428818616
6,835,-1.1380561428818616,-0.7937010262727474,0.3692541262477781,-1.1380561428818616
6,836,-1.1380561428818616,-0.6866568718715788,0.4259053385743777,-1.1380561428818616
6,837,-1.1380561428818616,-0.7454210324016544,0.3667788097448759,-1.1380561428818616
6,838,-1.1380561428818616,-0.6890503551295173,0.418483644330022,-1.1380561428818616
6,839,-1.1380561428818616,-0.7663449349210029,0.3316680845181959,-1.1380561428818616
6,840,-1.1380561428818616,-0.7004408588699679,0.4108370657988665,-1.1380561428818616
6,841,-1.1380561428818616,-0.7016782915474391,0.40244024333904393,-1.1380561428818616
6,842,-1.1380561428818616,-0.8253317296713389,0.2923995944834806,-1.1380561428818616
6,843,-1.1380561428818616,-0.7928467263085601,0.3132181283450706,-1.1380561428818616
6,844,-1.1380561428818616,-0.721876709122385,0.4591905021844377,-1.1380561428818616
6,845,-1.1380561428818616,-0.7335813320630982,0.5151479199575096,-1.1380561428818616
6,846,-1.1380561428818616,-0.8009906258551518,0.41981720901672226,-1.1380561428818616
6,847,-1.1380561428818616,-0.8034803502351708,0.3441608936808366,-1.1380561428818616
6,848,-1.1380561428818616,-0.8360438419164324,0.3135337701154282,-1.1380561428818616
6,849,-1.1380561428818616,-0.8205063708182886,0.324070030842351,-1.1380561428818616
6,850,-1.1380561428818616,-0.8243235344884631,0.26473367755080945,-1.1380561428818616
6,851,-1.1380561428818616,-0.7934556297528143,0.3207244503034228,-1.1380561428818616
6,852,-1.1380561428818616,-0.8264581049303968,0.27876510682211003,-1.1380561428818616
6,853,-1.1380561428818616,-0.8251964749195891,0.2274684978584318,-1.1380561428818616
6,854,-1.1380561428818616,-0.7926623159944043,0.31821883968716325,-1.1380561428818616
6,855,-1.1380561428818616,-0.7356674009561873,0.33986714002603263,-1.1380561428818616
6,856,-1.1380561428818616,-0.7679555337586496,0.2834261829132954,-1.1380561428818616
6,857,-1.1380561428818616,-0.7818533179763377,0.26444927399073176,-1.1380561428818616
6,858,-1.1380561428818616,-0.7749394190088285,0.27040944776282677,-1.1380561428818616
6,859,-1.1380561428818616,-0.7988658192369579,0.26576198552993713,-1.1380561428818616
6,860,-1.1380561428818616,-0.7989792594701643,0.25959263521450804,-1.1380561428818616
6,861,-1.1380561428818616,-0.7619466301202629,0.33601658792587386,-1.1380561428818616
6,862,-1.1380561428818616,-0.6854528504999947,0.3561607689460628,-1.1380561428818616
6,863,-1.1380561428818616,-0.7383494899631163,0.30592123254210485,-1.1380561428818616
6,864,-1.1380561428818616,-0.7455901986048022,0.3091478077503088,-1.1380561428818616
6,865,-1.1380561428818616,-0.7599700572700269,0.296963868070229,-1.1380561428818616
6,866,-1.1380561428818616,-0.7905774929961339,0.2564654585566984,-1.1380561428818616
6,867,-1.1380561428818616,-0.7750458468143309,0.2735579281948228,-1.1380561428818616
6,868,-1.1380561428818616,-0.7907324699545948,0.275590358711177,-1.1380561428818616
6,869,-1.1380561428818616,-0.8345082401515741,0.24731282940897584,-1.1380561428818616
6,870,-1.1380561428818616,-0.7568840320343636,0.43460534796034334,-1.1380561428818616
6,871,-1.1380561428818616,-0.7864386664699687,0.2870431706120764,-1.1380561428818616
6,872,-1.1380561428818616,-0.7110389264265421,0.43560642826435847,-1.1380561428818616
6,873,-1.1380561428818616,-0.8256268429945167,0.22978929731467607,-1.1380561428818616
6,874,-1.1380561428818616,-0.7856205763157094,0.28061242993409974,-1.1380561428818616
6,875,-1.1380561428818616,-0.8700462761218597,0.17302641311118783,-1.1380561428818616
6,876,-1.1380561428818616,-0.8432684905300156,0.21070725901991985,-1.1380561428818616
6,877,-1.1380561428818616,-0.7663334039080858,0.39214014319529206,-1.1380561428818616
6,878,-1.1380561428818616,-0.7412933446927209,0.40589969580062424,-1.1380561428818616
6,879,-1.1380561428818616,-0.6542117776406824,0.4912896299380862,-1.1380561428818616
6,880,-1.1380561428818616,-0.7568194443005394,0.36257045917405484,-1.1380561428818616
6,881,-1.1380561428818616,-0.8159268745719431,0.3243617743429883,-1.1380561428818616
6,882,-1.1380561428818616,-0.7641271322694166,0.3536653868790174,-1.1380561428818616
6,883,-1.1380561428818616,-0.7428769640794312,0.3312437888016118,-1.1380561428818616
6,884,-1.1380561428818616,-0.7743900160422001,0.3144672980440607,-1.1380561428818616
6,885,-1.1380561428818616,-0.7464291191572296,0.3524306823163967,-1.1380561428818616
6,886,-1.1380561428818616,-0.7539225053370734,0.34041720415287524,-1.1380561428818616
6,887,-1.1380561428818616,-0.7354715000019385,0.3803650485438496,-1.1380561428818616
6,888,-1.1380561428818616,-0.746419362786075,0.33600342137917383,-1.1380561428818616
6,889,-1.1380561428818616,-0.8005390981924925,0.24324730808061745,-1.1380561428818616
6,890,-1.1380561428818616,-0.7307956180278297,0.4061443077629467,-1.1380561428818616
6,891,-1.1380561428818616,-0.6855504869232827,0.4477720042696064,-1.1380561428818616
6,892,-1.1380561428818616,-0.6660441141677709,0.4490475833169731,-1.1380561428818616
6,893,-1.1380561428818616,-0.6919620144038485,0.44373398661290014,-1.1380561428818616
6,894,-1.1380561428818616,-0.7309153861444259,0.3960155017468429,-1.1380561428818616
6,895,-1.1380561428818616,-0.6928536203598396,0.34539390737510123,-1.1380561428818616
6,896,-1.1380561428818616,-0.6937985769270415,0.4514518630423497,-1.1380561428818616
6,897,-1.1380561428818616,-0.728201267259598,0.3308026031709387,-1.1380561428818616
6,898,-1.1380561428818616,-0.669451871650383,0.3948513468266834,-1.1380561428818616
6,899,-1.1380561428818616,-0.7117518314328026,0.39599411697517717,-1.1380561428818616
6,900,-1.1380561428818616,-0.6731840652530192,0.41716790055426706,-1.1380561428818616
6,901,-1.1380561428818616,-0.7352371724410793,0.3722085511286476,-1.1380561428818616
6,902,-1.1380561428818616,-0.7508742181334765,0.3019058723540522,-1.1380561428818616
6,903,-1.1380561428818616,-0.7423414490360705,0.31649519469165266,-1.1380561428818616
6,904,-1.1380561428818616,-0.7696392394620225,0.24386572481621807,-1.1380561428818616
6,905,-1.1380561428818616,-0.7264006350944813,0.3161172070671678,-1.1380561428818616
6,906,-1.1380561428818616,-0.70231189065502,0.3559799638431995,-1.1380561428818616
6,907,-1.1380561428818616,-0.7687632876450715,0.38241085320907925,-1.1380561428818616
6,908,-1.1380561428818616,-0.7860434313157058,0.4250597481328259,-1.1380561428818616
6,909,-1.1380561428818616,-0.8453903473657702,0.34313924806446616,-1.1380561428818616
6,910,-1.1380561428818616,-0.8397768477554457,0.306235373524227,-1.1380561428818616
6,911,-1.1380561428818616,-0.8200389469800764,0.3425911065460008,-1.1380561428818616
6,912,-1.1380561428818616,-0.705481364233517,0.49864805208126195,-1.1380561428818616
6,913,-1.1380561428818616,-0.7335566652889408,0.37292846267842567,-1.1380561428818616
6,914,-1.1380561428818616,-0.7390408568930947,0.3875870572143666,-1.1380561428818616
6,915,-1.1380561428818616,-0.7738920594202179,0.3338169441816259,-1.1380561428818616
6,916,-1.1380561428818616,-0.7920061731314649,0.29294598832228774,-1.1380561428818616
6,917,-1.1380561428818616,-0.7670035142596181,0.3720735143653562,-1.1380561428818616
6,918,-1.1380561428818616,-0.8032809549179429,0.23515885139026255,-1.1380561428818616
6,919,-1.1380561428818616,-0.8246460124103945,0.19435771025718152,-1.1380561428818616
6,920,-1.1380561428818616,-0.7647887338149819,0.36079220509986004,-1.1380561428818616
6,921,-1.1380561428818616,-0.7780553686325171,0.32411094549905445,-1.1380561428818616
6,922,-1.1380561428818616,-0.7288792303800452,0.40429287182389895,-1.1380561428818616
6,923,-1.1380561428818616,-0.7301302494340923,0.4184036168836571,-1.1380561428818616
6,924,-1.1380561428818616,-0.7481338884937075,0.29529480884758763,-1.1380561428818616
6,925,-1.1380561428818616,-0.7194125442999991,0.3181063716089026,-1.1380561428818616
6,926,-1.1380561428818616,-0.6851884086618145,0.41554905323132385,-1.1380561428818616
6,927,-1.1380561428818616,-0.7560156173290592,0.37439024831101664,-1.1380561428818616
6,928,-1.1380561428818616,-0.772177724941297,0.31787093453340076,-1.1380561428818616
6,929,-1.1380561428818616,-0.8186198069931422,0.2614867249650474,-1.1380561428818616
6,930,-1.1380561428818616,-0.8504377584272907,0.25951049711095114,-1.1380561428818616
6,931,-1.1380561428818616,-0.8019253646820439,0.38359426784154144,-1.1380561428818616
6,932,-1.1380561428818616,-0.7630718731803138,0.40657462371603714,-1.1380561428818616
6,933,-1.1380561428818616,-0.7798355389436423,0.3699781686247382,-1.1380561428818616
6,934,-1.1380561428818616,-0.7502331132572526,0.4197184875128689,-1.1380561428818616
6,935,-1.1380561428818616,-0.6949117263593079,0.4812816877237994,-1.1380561428818616
6,936,-1.1380561428818616,-0.729460048689628,0.39207827652915417,-1.1380561428818616
6,937,-1.1380561428818616,-0.7783975947025871,0.34775852709992705,-1.1380561428818616
6,938,-1.1380561428818616,-0.8027383714584514,0.28226948706200894,-1.1380561428818616
6,939,-1.1380561428818616,-0.7606477206710677,0.389649774361332,-1.1380561428818616
6,940,-1.1380561428818616,-0.8235392289372914,0.28554720130027683,-1.1380561428818616
6,941,-1.1380561428818616,-0.810676392524752,0.3275786362719932,-1.1380561428818616
6,942,-1.1380561428818616,-0.8064222949268985,0.2709535918195911,-1.1380561428818616
6,943,-1.1380561428818616,-0.8138665971319671,0.27782036414908945,-1.1380561428818616
6,944,-1.1380561428818616,-0.8707462812138791,0.25439203916883923,-1.1380561428818616
6,945,-1.1413964742912577,-0.8877294046917825,0.2553550362279479,-1.1413964742912577
6,946,-1.1413964742912577,-0.8454565299384469,0.29307067086709854,-1.1413964742912577
6,947,-1.1413964742912577,-0.8290583952882254,0.3044854580005109,-1.1413964742912577
6,948,-1.1413964742912577,-0.8050087630692395,0.3193398017310828,-1.1413964742912577
6,949,-1.1413964742912577,-0.8889597042476491,0.2691858526759484,-1.1413964742912577
6,950,-1.1413964742912577,-0.8062923588803809,0.36299318811501174,-1.1413964742912577
6,951,-1.1413964742912577,-0.8308258254016633,0.30247879268128386,-1.1413964742912577
6,952,-1.1413964742912577,-0.8855383097596232,0.21033085112191963,-1.1413964742912577
6,953,-1.1413964742912577,-0.8596212697880414,0.2908351722713415,-1.1413964742912577
6,954,-1.1413964742912577,-0.9474605549749346,0.16292826680691214,-1.1413964742912577
6,955,-1.1413964742912577,-0.8451581000315833,0.34857219364650477,-1.1413964742912577
6,956,-1.1413964742912577,-0.8104341903590677,0.33152897922790103,-1.1413964742912577
6,957,-1.1413964742912577,-0.8022288219964336,0.3430227191210687,-1.1413964742912577
